{"cameraMode":{"drawMode":0,"name":"Shaded","section":"Shading Mode"},"sceneLighting":false,"audioPlay":false,"sceneViewState":{"showFog":true,"showMaterialUpdate":false,"showSkybox":false,"showFlares":true,"showImageEffects":true,"showParticleSystems":true},"in2DMode":false,"pivot":{"x":572.096435546875,"y":985.54541015625,"z":13.47119140625},"rotation":{"x":-0.013494527898728848,"y":-0.026993855834007264,"z":-0.00036672360147349536,"w":0.9995490312576294},"size":3012.928466796875,"orthographic":false}